"VCHCARTERA","NUMFECHAREFERENCIA","STAGE","MOTIVOS","EAD","SALDO_DIRECTO","EAD_LGD","PROVISION","PROVISION_REACTIVA"
"BPE","202404","1"," 1.001 Sin Motivo-8 a menos","9.064602178599997E8","9.060913225299997E8","7.775316525637765E8","3.4097492244843096E7","2.2663342647047676E7"
"BPE","202404","1"," 1.001 Sin Motivo-9 a mas","1.7006004389999997E7","1.7006004389999997E7","1.4589188729521252E7","1728625.942657451","1163668.9294849136"
"BPE","202404","2"," 2.001 ISR-8 menos","5.591966914999998E7","5.590586914999998E7","4.7972621211450666E7","1.4409347105761196E7","1.0246894538771754E7"
"BPE","202404","2"," 2.001 ISR-9 a mas","1.1875577040000001E7","1.1875577040000001E7","1.0187874278711118E7","3701088.4802316455","2828212.9921921254"
"BPE","202404","2"," 2.002 Missing PD","1.1236798222500001E8","1.1090055048000002E8","9.639875788812575E7","2995377.9899675325","451742.4722382203"
"BPE","202404","2","2.003 Dias de vencido","4.1194285140000015E7","4.1194285140000015E7","3.533994151139772E7","1.2504735269884607E7","8557639.490090024"
"BPE","202404","2","2.004 Refinanciado","4.6259419879999995E7","4.6259419879999995E7","3.968524243968441E7","1.853515486784191E7","1.853515486784191E7"
"BPE","202404","3","3.001 Default","5.805226038000001E7","5.799605538000001E7","4.9736113375007324E7","4.9736113375007324E7","7413291.178803486"
"BPE","202404","3","3.002 Judicial","1.3300793803E8","1.3300793803E8","1.1392458710998711E8","1.1392458710998711E8","1.1273722774487631E8"
