"VCHCARTERA","NUMFECHAREFERENCIA","STAGE","MOTIVOS","EAD","SALDO_DIRECTO","EAD_LGD","PROVISION","PROVISION_REACTIVA"
"Vehicular","202404","1"," 1.001 Sin Motivo-8 a menos","1.5744007109999998E7","1.5744007109999998E7","4291000.172006219","66408.53513009947","66408.53513009947"
"Vehicular","202404","1"," 1.001 Sin Motivo-9 a mas","323024.25","323024.25","88039.66503748484","8498.657057072767","8498.657057072765"
"Vehicular","202404","2"," 2.001 ISR-8 menos","2187003.98","2187003.98","596063.9110990776","188201.22173490628","188201.22173490628"
"Vehicular","202404","2"," 2.001 ISR-9 a mas","1009514.8899999999","1009514.8899999999","275141.42596400535","89053.74669321741","89053.74669321741"
"Vehicular","202404","2"," 2.002 Missing PD","24539.46","24539.46","6688.184675301492","422.2397161456226","422.2397161456226"
"Vehicular","202404","2","2.003 Dias de vencido","1511985.95","1511985.95","412088.98892074917","143857.18448751207","143857.1844875121"
"Vehicular","202404","2","2.004 Refinanciado","198260.97999999998","198260.97999999998","54035.66533844899","3726.7784301943034","3726.7784301943034"
"Vehicular","202404","3","3.001 Default","694983.4800000002","694983.4800000002","349952.70874991344","349952.70874991344","349952.70874991344"
"Vehicular","202404","3","3.002 Judicial","1.9110637880000006E7","1.9110637880000006E7","9622990.595466677","9622990.595466677","9622990.595466677"
