"VCHCARTERA","NUMFECHAREFERENCIA","STAGE","MOTIVOS","EAD","SALDO_DIRECTO","EAD_LGD","PROVISION","PROVISION_REACTIVA"
"Tarjetas","202404","1"," 1.001 Sin Motivo-8 a menos","8.64128727546396E9","4.699781298329979E9","7.68163233078215E9","1.9766774442363816E8","1.9059012571171948E8"
"Tarjetas","202404","1"," 1.001 Sin Motivo-9 a mas","6.570809229000002E7","6.570809229000002E7","5.841090453757357E7","3616494.427456752","3616494.4274567524"
"Tarjetas","202404","2"," 2.001 ISR-8 menos","6.83873528919078E8","5.3852079268E8","6.079262084975352E8","1.3970661745943034E8","1.2775529248782565E8"
"Tarjetas","202404","2"," 2.001 ISR-9 a mas","8.985089223000003E7","8.985089223000003E7","7.98725348089442E7","2.321182722351939E7","2.321182722351939E7"
"Tarjetas","202404","2"," 2.002 Missing PD","4.089310753826335E7","3.769056641999998E7","3.635173868874825E7","1758253.2565875223","1730408.645292736"
"Tarjetas","202404","2"," 2.003 Dias de vencido","2.1684916661000007E8","2.1684916661000007E8","1.9276706305833146E8","6.137241477472929E7","6.137241477472929E7"
"Tarjetas","202404","2","2.004 Refinanciado","2.967469214600001E8","2.967469214600001E8","2.6379180245743978E8","9.805742726015086E7","9.805742726015086E7"
"Tarjetas","202404","3"," 3.001 Default","2.3444259046999997E8","2.3444259046999997E8","2.0840665577455354E8","2.0840665577455354E8","2.0840665577455354E8"
"Tarjetas","202404","3","3.002 Judicial","1.9478022957999998E8","1.9478022957999998E8","1.7314898362276042E8","1.731489836227604E8","1.731489836227604E8"
