STAGE,MOTIVOS,EAD,SALDO_DIRECTO,EAD_LGD,PROVISION,PROVISION_REACTIVA
1,1.001 Sin Motivo-8 a menos,2733503444.06,2733503444.06,2282150592.298603,77819552.07169211,77819552.07169211
1,1.001 Sin Motivo-9 a mas,50587359.43,50587359.43,42970154.545957044,4170648.526759898,4170648.526759898
2,2.001 Incremento significativo de PD-8 a menos,515871459.55,515871459.55,464052305.7195434,97895795.85694176,97895795.85694176
2,2.001 Incremento significativo de PD-9 a mas,94653985.7,94653985.7,85146017.47486748,26012367.743396603,26012367.743396603
2,2.002 Missing PD,254657.73,254657.73,228370.24986218452,15550.339862830422,15550.339862830422
2,2.003 Dias de vencido,185248006.97,185248006.97,162985119.13750997,55542455.736227654,55542455.736227654
2,2.004 Refinanciado,18115438.98,18115438.98,15244659.251301989,5471119.467717245,5471119.467717245
3,3.001 Default,101078049.95,101078049.95,89621945.69615445,89621945.69615445,89621945.69615445
3,3.002 Judicial,126332290.69,126332290.69,109718457.26088929,109718457.26088929,109718457.26088929
