"VCHCARTERA","NUMFECHAREFERENCIA","STAGE","MOTIVOS","EAD","SALDO_DIRECTO","EAD_LGD","PROVISION","PROVISION_REACTIVA"
"Tarjetas","202404","1"," 1.001 Sin Motivo-8 a menos","8.641287275463955E9","4.699781298329979E9","7.681632330782149E9","1.9766774442363816E8","1.905901257117195E8"
"Tarjetas","202404","1"," 1.001 Sin Motivo-9 a mas","6.570809229000003E7","6.570809229000003E7","5.8410904537573576E7","3616494.4274567515","3616494.4274567515"
"Tarjetas","202404","2"," 2.001 ISR-8 menos","6.838735289190776E8","5.385207926800001E8","6.079262084975352E8","1.397066174594304E8","1.2775529248782572E8"
"Tarjetas","202404","2"," 2.001 ISR-9 a mas","8.985089223000002E7","8.985089223000002E7","7.987253480894417E7","2.321182722351939E7","2.3211827223519392E7"
"Tarjetas","202404","2"," 2.002 Missing PD","4.0893107538263395E7","3.769056641999999E7","3.6351738688748226E7","1758253.256587522","1730408.645292736"
"Tarjetas","202404","2"," 2.003 Dias de vencido","2.1684916661E8","2.1684916661E8","1.9276706305833146E8","6.137241477472927E7","6.137241477472927E7"
"Tarjetas","202404","2","2.004 Refinanciado","2.967469214599999E8","2.967469214599999E8","2.6379180245743975E8","9.805742726015085E7","9.805742726015085E7"
"Tarjetas","202404","3"," 3.001 Default","2.3444259047E8","2.3444259047E8","2.0840665577455357E8","2.0840665577455357E8","2.0840665577455357E8"
"Tarjetas","202404","3","3.002 Judicial","1.9478022958E8","1.9478022958E8","1.7314898362276056E8","1.731489836227605E8","1.731489836227605E8"
