"VCHCARTERA","NUMFECHAREFERENCIA","STAGE","MOTIVOS","EAD","SALDO_DIRECTO","EAD_LGD","PROVISION","PROVISION_REACTIVA"
"Tarjetas","202404","1"," 1.001 Sin Motivo-8 a menos","8.64128727546396E9","4.699781298329977E9","7.681632330782153E9","1.9766774442363828E8","1.9059012571171954E8"
"Tarjetas","202404","1"," 1.001 Sin Motivo-9 a mas","6.570809229000001E7","6.570809229000001E7","5.8410904537573576E7","3616494.4274567505","3616494.427456751"
"Tarjetas","202404","2"," 2.001 ISR-8 menos","6.838735289190779E8","5.3852079268E8","6.07926208497535E8","1.3970661745943034E8","1.277552924878256E8"
"Tarjetas","202404","2"," 2.001 ISR-9 a mas","8.985089223E7","8.985089223E7","7.987253480894412E7","2.3211827223519392E7","2.3211827223519392E7"
"Tarjetas","202404","2"," 2.002 Missing PD","4.08931075382634E7","3.769056642000002E7","3.635173868874824E7","1758253.256587523","1730408.6452927364"
"Tarjetas","202404","2"," 2.003 Dias de vencido","2.1684916661E8","2.1684916661E8","1.9276706305833152E8","6.137241477472926E7","6.137241477472926E7"
"Tarjetas","202404","2","2.004 Refinanciado","2.9674692146000004E8","2.9674692146000004E8","2.6379180245743975E8","9.80574272601508E7","9.80574272601508E7"
"Tarjetas","202404","3"," 3.001 Default","2.3444259047000003E8","2.3444259047000003E8","2.0840665577455354E8","2.0840665577455354E8","2.0840665577455354E8"
"Tarjetas","202404","3","3.002 Judicial","1.947802295799999E8","1.947802295799999E8","1.7314898362276044E8","1.7314898362276042E8","1.7314898362276042E8"
