STAGE,MOTIVOS,EAD,SALDO_DIRECTO,EAD_LGD,PROVISION,PROVISION_REACTIVA
1,1.001 Sin Motivo-8 a menos,8458913625.519689,4573398666.97,7519512118.707577,238935390.25453573,230925001.32798278
1,1.001 Sin Motivo-9 a mas,58823608.79,58823608.79,52290974.79232666,3898442.2423528973,3898442.2423528973
2, 2.003 Dias de vencido,216849166.61,216849166.61,192767063.05833152,69393384.84442279,69393384.84442279
2,2.001 Incremento significativo de PD-8 a menos,866247178.8632704,664903424.04,770046420.5719358,181729310.00212896,166114310.9606773
2,2.001 Incremento significativo de PD-9 a mas,96735375.73,96735375.73,85992464.55419108,26867013.753110774,26867013.753110774
2,2.002 Missing PD,40893107.53826339,37690566.42,36351738.68874824,2139573.403940051,2108081.633348869
2,2.004 Refinanciado,296746921.46,296746921.46,263791802.45743978,116657900.18944085,116657900.18944085
3, 3.001 Default,234442590.47,234442590.47,208406655.77455354,208406655.77455354,208406655.77455354
3,3.002 Judicial,194780229.58,194780229.58,173148983.62276047,173148983.62276047,173148983.62276047
