"VCHCARTERA","NUMFECHAREFERENCIA","STAGE","MOTIVOS","EAD","SALDO_DIRECTO","EAD_LGD","PROVISION","PROVISION_REACTIVA"
"Consumo","202404","1"," 1.001 Sin Motivo-8 a menos","2.8268434512200017E9","2.8268434512200017E9","2.3661146200357866E9","5.77393436295662E7","5.77393436295662E7"
"Consumo","202404","1"," 1.001 Sin Motivo-9 a mas","4.938082747999999E7","4.938082747999999E7","4.1884818416274264E7","2924986.324515729","2924986.324515729"
"Consumo","202404","2"," 2.001 ISR-8 menos","4.225314523899999E8","4.225314523899999E8","3.8008827798236156E8","8.157373117871839E7","8.157373117871842E7"
"Consumo","202404","2"," 2.001 ISR-9 a mas","9.586051765E7","9.586051765E7","8.62313536045502E7","2.6101069895057857E7","2.6101069895057857E7"
"Consumo","202404","2"," 2.002 Missing PD","254657.72999999998","254657.72999999998","228370.24986218454","13904.284752055848","13904.284752055848"
"Consumo","202404","2","2.003 Dias de vencido","1.852480069700001E8","1.852480069700001E8","1.6298511913751003E8","5.8818444144827895E7","5.8818444144827895E7"
"Consumo","202404","2","2.004 Refinanciado","1.811543898E7","1.811543898E7","1.5244659251301987E7","3005373.988673871","3005373.988673871"
"Consumo","202404","3","3.001 Default","1.0107804994999999E8","1.0107804994999999E8","8.962194569615446E7","8.962194569615446E7","8.962194569615446E7"
"Consumo","202404","3","3.002 Judicial","1.2633229068999997E8","1.2633229068999997E8","1.097184572608893E8","1.097184572608893E8","1.097184572608893E8"
