"VCHCARTERA","NUMFECHAREFERENCIA","STAGE","MOTIVOS","EAD","SALDO_DIRECTO","EAD_LGD","PROVISION","PROVISION_REACTIVA"
"Tarjetas","202404","1"," 1.001 Sin Motivo-8 a menos","8.641287275463957E9","4.699781298329982E9","7.681632330782152E9","1.9766774442363814E8","1.9059012571171957E8"
"Tarjetas","202404","1"," 1.001 Sin Motivo-9 a mas","6.570809229000001E7","6.570809229000001E7","5.8410904537573576E7","3616494.4274567533","3616494.4274567533"
"Tarjetas","202404","2"," 2.001 ISR-8 menos","6.838735289190775E8","5.385207926800001E8","6.079262084975355E8","1.3970661745943034E8","1.2775529248782562E8"
"Tarjetas","202404","2"," 2.001 ISR-9 a mas","8.985089223E7","8.985089223E7","7.987253480894417E7","2.3211827223519374E7","2.3211827223519374E7"
"Tarjetas","202404","2"," 2.002 Missing PD","4.0893107538263366E7","3.7690566419999994E7","3.635173868874824E7","1758253.256587522","1730408.645292736"
"Tarjetas","202404","2"," 2.003 Dias de vencido","2.1684916661E8","2.1684916661E8","1.927670630583315E8","6.137241477472926E7","6.137241477472926E7"
"Tarjetas","202404","2","2.004 Refinanciado","2.967469214599999E8","2.967469214599999E8","2.6379180245743975E8","9.805742726015082E7","9.805742726015082E7"
"Tarjetas","202404","3"," 3.001 Default","2.3444259047000003E8","2.3444259047000003E8","2.0840665577455342E8","2.0840665577455342E8","2.0840665577455342E8"
"Tarjetas","202404","3","3.002 Judicial","1.9478022958000007E8","1.9478022958000007E8","1.7314898362276044E8","1.7314898362276044E8","1.7314898362276044E8"
