STAGE,MOTIVOS,EAD,SALDO_DIRECTO,EAD_LGD,PROVISION,PROVISION_REACTIVA
1,1.001 Sin Motivo-8 a menos,8631555487.580975,4706102673.05,7672981302.983155,199166753.09283808,192405978.2637993
1,1.001 Sin Motivo-9 a mas,63578590.45,63578590.45,56517893.73245304,3396080.711282889,3396080.711282889
2, 2.003 Dias de vencido,216849166.61,216849166.61,192767063.05833152,56511683.72806512,56511683.72806512
2,2.001 Incremento significativo de PD-8 a menos,693605316.801984,532199417.96,616577236.296357,131617098.36143997,119553160.59800306
2,2.001 Incremento significativo de PD-9 a mas,91980394.07,91980394.07,81765545.61406471,21429089.037141446,21429089.037141446
2,2.002 Missing PD,40893107.53826339,37690566.42,36351738.68874824,1750448.0357660681,1725711.7356953039
2,2.004 Refinanciado,296746921.46,296746921.46,263791802.45743978,94667607.7270447,94667607.7270447
3, 3.001 Default,234442590.47,234442590.47,208406655.77455354,208406655.77455354,208406655.77455354
3,3.002 Judicial,194780229.58,194780229.58,173148983.62276047,173148983.62276047,173148983.62276047
