"VCHCARTERA","NUMFECHAREFERENCIA","STAGE","MOTIVOS","EAD","SALDO_DIRECTO","EAD_LGD","PROVISION","PROVISION_REACTIVA"
"Tarjetas","202404","1"," 1.001 Sin Motivo-8 a menos","8.64128727546396E9","4.69978129832998E9","7.681632330782155E9","1.976677444236382E8","1.9059012571171936E8"
"Tarjetas","202404","1"," 1.001 Sin Motivo-9 a mas","6.5708092289999984E7","6.5708092289999984E7","5.841090453757359E7","3616494.4274567515","3616494.4274567515"
"Tarjetas","202404","2"," 2.001 ISR-8 menos","6.838735289190776E8","5.385207926800002E8","6.079262084975349E8","1.397066174594303E8","1.2775529248782568E8"
"Tarjetas","202404","2"," 2.001 ISR-9 a mas","8.985089223000006E7","8.985089223000006E7","7.987253480894418E7","2.3211827223519403E7","2.3211827223519403E7"
"Tarjetas","202404","2"," 2.002 Missing PD","4.089310753826338E7","3.769056642000003E7","3.6351738688748226E7","1758253.2565875223","1730408.6452927364"
"Tarjetas","202404","2"," 2.003 Dias de vencido","2.1684916660999995E8","2.1684916660999995E8","1.927670630583315E8","6.137241477472929E7","6.137241477472929E7"
"Tarjetas","202404","2","2.004 Refinanciado","2.9674692146000004E8","2.9674692146000004E8","2.637918024574398E8","9.805742726015083E7","9.805742726015085E7"
"Tarjetas","202404","3"," 3.001 Default","2.344425904699999E8","2.344425904699999E8","2.0840665577455348E8","2.0840665577455348E8","2.0840665577455348E8"
"Tarjetas","202404","3","3.002 Judicial","1.9478022957999995E8","1.9478022957999995E8","1.731489836227606E8","1.731489836227606E8","1.731489836227606E8"
