"VCHCARTERA","NUMFECHAREFERENCIA","STAGE","MOTIVOS","EAD","SALDO_DIRECTO","EAD_LGD","PROVISION","PROVISION_REACTIVA"
"Consumo","202404","1"," 1.001 Sin Motivo-8 a menos","2.82684345122E9","2.82684345122E9","2.366114620035785E9","5.773934362956617E7","5.773934362956617E7"
"Consumo","202404","1"," 1.001 Sin Motivo-9 a mas","4.938082747999998E7","4.938082747999998E7","4.188481841627428E7","2924986.3245157287","2924986.3245157287"
"Consumo","202404","2"," 2.001 ISR-8 menos","4.2253145239000005E8","4.2253145239000005E8","3.800882779823617E8","8.157373117871839E7","8.157373117871839E7"
"Consumo","202404","2"," 2.001 ISR-9 a mas","9.586051765E7","9.586051765E7","8.623135360455023E7","2.6101069895057846E7","2.6101069895057846E7"
"Consumo","202404","2"," 2.002 Missing PD","254657.73","254657.73","228370.2498621845","13904.284752055844","13904.284752055844"
"Consumo","202404","2","2.003 Dias de vencido","1.8524800697E8","1.8524800697E8","1.629851191375099E8","5.881844414482791E7","5.8818444144827925E7"
"Consumo","202404","2","2.004 Refinanciado","1.8115438979999997E7","1.8115438979999997E7","1.5244659251301993E7","3005373.988673872","3005373.988673872"
"Consumo","202404","3","3.001 Default","1.0107804994999999E8","1.0107804994999999E8","8.962194569615446E7","8.962194569615446E7","8.962194569615446E7"
"Consumo","202404","3","3.002 Judicial","1.2633229069E8","1.2633229069E8","1.0971845726088926E8","1.0971845726088926E8","1.0971845726088926E8"
