STAGE,MOTIVOS,EAD,SALDO_DIRECTO,EAD_LGD,PROVISION,PROVISION_REACTIVA
1,1.001 Sin Motivo-8 a menos,2852709308.32,2852709308.32,2389382258.522972,68473124.17318368,68473124.17318368
1,1.001 Sin Motivo-9 a mas,53492742.21,53492742.21,45583692.38197718,3525299.2925685947,3525299.2925685947
2,2.001 Incremento significativo de PD-8 a menos,396665595.29,396665595.29,356820639.49517393,72074339.54187138,72074339.54187138
2,2.001 Incremento significativo de PD-9 a mas,91748602.92,91748602.92,82532479.63884734,20914973.60060058,20914973.60060058
2,2.002 Missing PD,254657.73,254657.73,228370.24986218452,12648.650523389182,12648.650523389182
2,2.003 Dias de vencido,185248006.97,185248006.97,162985119.13750997,45036262.76638126,45036262.76638126
2,2.004 Refinanciado,18115438.98,18115438.98,15244659.251301989,4434233.104530005,4434233.104530005
3,3.001 Default,101078049.95,101078049.95,89621945.69615445,89621945.69615445,89621945.69615445
3,3.002 Judicial,126332290.69,126332290.69,109718457.26088929,109718457.26088929,109718457.26088929
