"VCHCARTERA","NUMFECHAREFERENCIA","STAGE","MOTIVOS","EAD","SALDO_DIRECTO","EAD_LGD","PROVISION","PROVISION_REACTIVA"
"Vehicular","202404","1"," 1.001 Sin Motivo-8 a menos","1.5744007110000001E7","1.5744007110000001E7","4291000.172006219","66408.53513009945","66408.53513009945"
"Vehicular","202404","1"," 1.001 Sin Motivo-9 a mas","323024.25","323024.25","88039.66503748484","8498.657057072767","8498.657057072767"
"Vehicular","202404","2"," 2.001 ISR-8 menos","2187003.9800000004","2187003.9800000004","596063.9110990776","188201.2217349063","188201.2217349063"
"Vehicular","202404","2"," 2.001 ISR-9 a mas","1009514.8899999999","1009514.8899999999","275141.4259640054","89053.74669321738","89053.74669321738"
"Vehicular","202404","2"," 2.002 Missing PD","24539.46","24539.46","6688.184675301492","422.2397161456226","422.2397161456226"
"Vehicular","202404","2","2.003 Dias de vencido","1511985.9500000002","1511985.9500000002","412088.9889207492","143857.1844875121","143857.1844875121"
"Vehicular","202404","2","2.004 Refinanciado","198260.97999999998","198260.97999999998","54035.66533844899","3726.778430194303","3726.778430194303"
"Vehicular","202404","3","3.001 Default","694983.4800000001","694983.4800000001","349952.70874991344","349952.70874991344","349952.70874991344"
"Vehicular","202404","3","3.002 Judicial","1.9110637880000003E7","1.9110637880000003E7","9622990.59546668","9622990.595466677","9622990.595466677"
