"VCHCARTERA","NUMFECHAREFERENCIA","STAGE","MOTIVOS","EAD","SALDO_DIRECTO","EAD_LGD","PROVISION","PROVISION_REACTIVA"
"Tarjetas","202404","1"," 1.001 Sin Motivo-8 a menos","8.641287275463959E9","4.69978129832998E9","7.681632330782155E9","1.9766774442363805E8","1.9059012571171948E8"
"Tarjetas","202404","1"," 1.001 Sin Motivo-9 a mas","6.5708092290000014E7","6.5708092290000014E7","5.841090453757356E7","3616494.427456751","3616494.427456751"
"Tarjetas","202404","2"," 2.001 ISR-8 menos","6.838735289190778E8","5.3852079268E8","6.079262084975352E8","1.397066174594303E8","1.2775529248782566E8"
"Tarjetas","202404","2"," 2.001 ISR-9 a mas","8.985089223000002E7","8.985089223000002E7","7.987253480894417E7","2.32118272235194E7","2.32118272235194E7"
"Tarjetas","202404","2"," 2.002 Missing PD","4.089310753826337E7","3.769056642E7","3.6351738688748226E7","1758253.2565875214","1730408.6452927364"
"Tarjetas","202404","2"," 2.003 Dias de vencido","2.1684916661000004E8","2.1684916661000004E8","1.927670630583314E8","6.137241477472929E7","6.137241477472929E7"
"Tarjetas","202404","2","2.004 Refinanciado","2.9674692146000004E8","2.9674692146000004E8","2.6379180245744002E8","9.805742726015083E7","9.805742726015083E7"
"Tarjetas","202404","3"," 3.001 Default","2.3444259047E8","2.3444259047E8","2.084066557745536E8","2.0840665577455357E8","2.0840665577455357E8"
"Tarjetas","202404","3","3.002 Judicial","1.9478022958E8","1.9478022958E8","1.7314898362276053E8","1.7314898362276053E8","1.7314898362276053E8"
