"VCHCARTERA","NUMFECHAREFERENCIA","STAGE","MOTIVOS","EAD","SALDO_DIRECTO","EAD_LGD","PROVISION","PROVISION_REACTIVA"
"Tarjetas","202404","1"," 1.001 Sin Motivo-8 a menos","8.641287275463959E9","4.69978129832998E9","7.68163233078215E9","1.9766774442363816E8","1.905901257117194E8"
"Tarjetas","202404","1"," 1.001 Sin Motivo-9 a mas","6.570809229E7","6.570809229E7","5.8410904537573576E7","3616494.4274567477","3616494.4274567477"
"Tarjetas","202404","2"," 2.001 ISR-8 menos","6.838735289190778E8","5.385207926800002E8","6.079262084975353E8","1.3970661745943034E8","1.2775529248782568E8"
"Tarjetas","202404","2"," 2.001 ISR-9 a mas","8.985089222999999E7","8.985089222999999E7","7.987253480894415E7","2.321182722351939E7","2.321182722351939E7"
"Tarjetas","202404","2"," 2.002 Missing PD","4.089310753826338E7","3.7690566419999994E7","3.635173868874825E7","1758253.2565875216","1730408.6452927361"
"Tarjetas","202404","2"," 2.003 Dias de vencido","2.1684916660999995E8","2.1684916660999995E8","1.9276706305833152E8","6.137241477472927E7","6.137241477472927E7"
"Tarjetas","202404","2","2.004 Refinanciado","2.9674692146000004E8","2.9674692146000004E8","2.6379180245743972E8","9.805742726015085E7","9.805742726015085E7"
"Tarjetas","202404","3"," 3.001 Default","2.3444259046999997E8","2.3444259046999997E8","2.0840665577455363E8","2.0840665577455363E8","2.0840665577455363E8"
"Tarjetas","202404","3","3.002 Judicial","1.9478022957999998E8","1.9478022957999998E8","1.7314898362276053E8","1.7314898362276053E8","1.7314898362276053E8"
